show_available_products,0.71875,50539,0.00001422
show_available_products,0.984375,51039,0.00001929
show_available_products,2.171875,101039,0.00002150
show_available_products,0.015625,5,0.00312500
show_available_products,0,505,0.00000000
show_available_products,1.359375,50505,0.00002692
